## 课堂例子

Proxy

```sql
➜  ~ mysql -h127.0.0.1 -P 3307 -uroot -proot -A
mysql: [Warning] Using a password on the command line interface can be insecure.
Welcome to the MySQL monitor.  Commands end with ; or \g.
Your MySQL connection id is 21
Server version: 5.7.34-log-ShardingSphere-Proxy 5.0.0-RC1

Copyright (c) 2000, 2021, Oracle and/or its affiliates.

Oracle is a registered trademark of Oracle Corporation and/or its
affiliates. Other names may be trademarks of their respective
owners.

Type 'help;' or '\h' for help. Type '\c' to clear the current input statement.

mysql> show shemas;
ERROR 1064 (42000): You have an error in your SQL syntax; check the manual that corresponds to your MySQL server version for the right syntax to use near 'shemas' at line 1
mysql> show schemas;
+-------------+
| Database    |
+-------------+
| sharding_db |
+-------------+
1 row in set (0.00 sec)

mysql> use sharding_db;
Database changed
mysql> show tables;
+---------------------+
| Tables_in_demo_ds_0 |
+---------------------+
| t_order             |
| t_order_item        |
+---------------------+
2 rows in set (0.01 sec)

mysql> select * from t_order;
Empty set (0.02 sec)

mysql> select * from t_order_item;
Empty set (0.01 sec)

mysql> desc t_order;
+----------+-------------+------+-----+---------+----------------+
| Field    | Type        | Null | Key | Default | Extra          |
+----------+-------------+------+-----+---------+----------------+
| order_id | bigint(20)  | NO   | PRI | NULL    | auto_increment |
| user_id  | int(11)     | NO   |     | NULL    |                |
| status   | varchar(50) | YES  |     | NULL    |                |
+----------+-------------+------+-----+---------+----------------+
3 rows in set (0.01 sec)

mysql> insert into t_ordermysql>
mysql>
mysql> insert into t_order(user_id,status) values(1,'OK'),(1,'FAIL'),(2,'OK'),(2,'FAIL');
Query OK, 4 rows affected (0.21 sec)

mysql> select * from t_order;
+--------------------+---------+--------+
| order_id           | user_id | status |
+--------------------+---------+--------+
| 617442348255129602 |       2 | OK     |
| 617442348255129603 |       2 | FAIL   |
| 617442348255129600 |       1 | OK     |
| 617442348255129601 |       1 | FAIL   |
+--------------------+---------+--------+
4 rows in set (0.00 sec)
```

log

```shell
[INFO ] 19:22:11.938 [ShardingSphere-Command-3] ShardingSphere-SQL - Logic SQL: SELECT DATABASE()
[INFO ] 19:22:11.938 [ShardingSphere-Command-3] ShardingSphere-SQL - SQLStatement: MySQLSelectStatement(limit=Optional.empty, lock=Optional.empty)
[INFO ] 19:22:11.938 [ShardingSphere-Command-3] ShardingSphere-SQL - Actual SQL: ds_1 ::: SELECT DATABASE()
[INFO ] 19:22:15.789 [ShardingSphere-Command-5] ShardingSphere-SQL - Logic SQL: show tables
[INFO ] 19:22:15.789 [ShardingSphere-Command-5] ShardingSphere-SQL - SQLStatement: MySQLShowTablesStatement(fromSchema=Optional.empty)
[INFO ] 19:22:15.789 [ShardingSphere-Command-5] ShardingSphere-SQL - Actual SQL: ds_0 ::: show tables
[INFO ] 19:22:15.790 [ShardingSphere-Command-5] ShardingSphere-SQL - Actual SQL: ds_1 ::: show tables
[INFO ] 19:22:27.753 [ShardingSphere-Command-6] ShardingSphere-SQL - Logic SQL: select * from t_order
[INFO ] 19:22:27.753 [ShardingSphere-Command-6] ShardingSphere-SQL - SQLStatement: MySQLSelectStatement(limit=Optional.empty, lock=Optional.empty)
[INFO ] 19:22:27.753 [ShardingSphere-Command-6] ShardingSphere-SQL - Actual SQL: ds_0 ::: select * from t_order_0
[INFO ] 19:22:27.753 [ShardingSphere-Command-6] ShardingSphere-SQL - Actual SQL: ds_0 ::: select * from t_order_1
[INFO ] 19:22:27.753 [ShardingSphere-Command-6] ShardingSphere-SQL - Actual SQL: ds_1 ::: select * from t_order_0
[INFO ] 19:22:27.753 [ShardingSphere-Command-6] ShardingSphere-SQL - Actual SQL: ds_1 ::: select * from t_order_1
[INFO ] 19:22:35.145 [ShardingSphere-Command-7] ShardingSphere-SQL - Logic SQL: select * from t_order_item
[INFO ] 19:22:35.145 [ShardingSphere-Command-7] ShardingSphere-SQL - SQLStatement: MySQLSelectStatement(limit=Optional.empty, lock=Optional.empty)
[INFO ] 19:22:35.145 [ShardingSphere-Command-7] ShardingSphere-SQL - Actual SQL: ds_0 ::: select * from t_order_item_0
[INFO ] 19:22:35.145 [ShardingSphere-Command-7] ShardingSphere-SQL - Actual SQL: ds_0 ::: select * from t_order_item_1
[INFO ] 19:22:35.145 [ShardingSphere-Command-7] ShardingSphere-SQL - Actual SQL: ds_1 ::: select * from t_order_item_0
[INFO ] 19:22:35.145 [ShardingSphere-Command-7] ShardingSphere-SQL - Actual SQL: ds_1 ::: select * from t_order_item_1
[INFO ] 19:26:24.753 [ShardingSphere-Command-8] ShardingSphere-SQL - Logic SQL: desc t_order
[INFO ] 19:26:24.753 [ShardingSphere-Command-8] ShardingSphere-SQL - SQLStatement: MySQLDescribeStatement(table=SimpleTableSegment(tableName=TableNameSegment(startIndex=5, stopIndex=11, identifier=IdentifierValue(value=t_order, quoteCharacter=NONE)), owner=Optional.empty, alias=Optional.empty))
[INFO ] 19:26:24.753 [ShardingSphere-Command-8] ShardingSphere-SQL - Actual SQL: ds_0 ::: desc t_order_0
[INFO ] 19:35:27.426 [ShardingSphere-Command-9] ShardingSphere-SQL - Logic SQL: insert into t_order(user_id,status) values(1,'OK'),(1,'FAIL'),(2,'OK'),(2,'FAIL')
[INFO ] 19:35:27.426 [ShardingSphere-Command-9] ShardingSphere-SQL - SQLStatement: MySQLInsertStatement(setAssignment=Optional.empty, onDuplicateKeyColumns=Optional.empty)
[INFO ] 19:35:27.426 [ShardingSphere-Command-9] ShardingSphere-SQL - Actual SQL: ds_1 ::: insert into t_order_0(user_id,status, order_id) values(1, 'OK', 617442348255129600)
[INFO ] 19:35:27.426 [ShardingSphere-Command-9] ShardingSphere-SQL - Actual SQL: ds_1 ::: insert into t_order_1(user_id,status, order_id) values(1, 'FAIL', 617442348255129601)
[INFO ] 19:35:27.426 [ShardingSphere-Command-9] ShardingSphere-SQL - Actual SQL: ds_0 ::: insert into t_order_0(user_id,status, order_id) values(2, 'OK', 617442348255129602)
[INFO ] 19:35:27.426 [ShardingSphere-Command-9] ShardingSphere-SQL - Actual SQL: ds_0 ::: insert into t_order_1(user_id,status, order_id) values(2, 'FAIL', 617442348255129603)
[INFO ] 19:35:36.002 [ShardingSphere-Command-10] ShardingSphere-SQL - Logic SQL: select * from t_order
[INFO ] 19:35:36.002 [ShardingSphere-Command-10] ShardingSphere-SQL - SQLStatement: MySQLSelectStatement(limit=Optional.empty, lock=Optional.empty)
[INFO ] 19:35:36.002 [ShardingSphere-Command-10] ShardingSphere-SQL - Actual SQL: ds_0 ::: select * from t_order_0
[INFO ] 19:35:36.002 [ShardingSphere-Command-10] ShardingSphere-SQL - Actual SQL: ds_0 ::: select * from t_order_1
[INFO ] 19:35:36.002 [ShardingSphere-Command-10] ShardingSphere-SQL - Actual SQL: ds_1 ::: select * from t_order_0
[INFO ] 19:35:36.002 [ShardingSphere-Command-10] ShardingSphere-SQL - Actual SQL: ds_1 ::: select * from t_order_1
```



demo_ds_0

```sql
mysql> select * from t_order_0;
+--------------------+---------+--------+
| order_id           | user_id | status |
+--------------------+---------+--------+
| 617442348255129602 |       2 | OK     |
+--------------------+---------+--------+
1 row in set (0.00 sec)

mysql> select * from t_order_1;
+--------------------+---------+--------+
| order_id           | user_id | status |
+--------------------+---------+--------+
| 617442348255129603 |       2 | FAIL   |
+--------------------+---------+--------+
1 row in set (0.00 sec)
```



配置好分库分表，建表也可以只操作proxy，会自动拆成四个

```sql
mysql> drop table t_order;
Query OK, 0 rows affected (0.12 sec)

mysql> show tables;
+---------------------+
| Tables_in_demo_ds_0 |
+---------------------+
| t_order_item        |
| t_ordersss          |
+---------------------+
2 rows in set (0.00 sec)

mysql> CREATE TABLE t_order (order_id BIGINT NOT NULL AUTO_INCREMENT, user_id INT NOT NULL, status VARCHAR(50), PRIMARY KEY (order_id));
Query OK, 0 rows affected (0.16 sec)

mysql> show tables;
+---------------------+
| Tables_in_demo_ds_0 |
+---------------------+
| t_order             |
| t_order_item        |
| t_ordersss          |
+---------------------+
3 rows in set (0.00 sec)
```



log

```less
[INFO ] 19:45:50.856 [ShardingSphere-Command-12] ShardingSphere-SQL - Logic SQL: drop table t_order
[INFO ] 19:45:50.857 [ShardingSphere-Command-12] ShardingSphere-SQL - SQLStatement: MySQLDropTableStatement()
[INFO ] 19:45:50.857 [ShardingSphere-Command-12] ShardingSphere-SQL - Actual SQL: ds_0 ::: drop table t_order_0
[INFO ] 19:45:50.858 [ShardingSphere-Command-12] ShardingSphere-SQL - Actual SQL: ds_0 ::: drop table t_order_1
[INFO ] 19:45:50.858 [ShardingSphere-Command-12] ShardingSphere-SQL - Actual SQL: ds_1 ::: drop table t_order_0
[INFO ] 19:45:50.858 [ShardingSphere-Command-12] ShardingSphere-SQL - Actual SQL: ds_1 ::: drop table t_order_1
[INFO ] 19:45:56.285 [ShardingSphere-Command-13] ShardingSphere-SQL - Logic SQL: show tables
[INFO ] 19:45:56.285 [ShardingSphere-Command-13] ShardingSphere-SQL - SQLStatement: MySQLShowTablesStatement(fromSchema=Optional.empty)
[INFO ] 19:45:56.285 [ShardingSphere-Command-13] ShardingSphere-SQL - Actual SQL: ds_0 ::: show tables
[INFO ] 19:45:56.286 [ShardingSphere-Command-13] ShardingSphere-SQL - Actual SQL: ds_1 ::: show tables
[INFO ] 19:46:13.543 [ShardingSphere-Command-14] ShardingSphere-SQL - Logic SQL: CREATE TABLE t_order (order_id BIGINT NOT NULL AUTO_INCREMENT, user_id INT NOT NULL, status VARCHAR(50), PRIMARY KEY (order_id))
[INFO ] 19:46:13.543 [ShardingSphere-Command-14] ShardingSphere-SQL - SQLStatement: MySQLCreateTableStatement(isNotExisted=false)
[INFO ] 19:46:13.543 [ShardingSphere-Command-14] ShardingSphere-SQL - Actual SQL: ds_0 ::: CREATE TABLE t_order_0 (order_id BIGINT NOT NULL AUTO_INCREMENT, user_id INT NOT NULL, status VARCHAR(50), PRIMARY KEY (order_id))
[INFO ] 19:46:13.543 [ShardingSphere-Command-14] ShardingSphere-SQL - Actual SQL: ds_0 ::: CREATE TABLE t_order_1 (order_id BIGINT NOT NULL AUTO_INCREMENT, user_id INT NOT NULL, status VARCHAR(50), PRIMARY KEY (order_id))
[INFO ] 19:46:13.543 [ShardingSphere-Command-14] ShardingSphere-SQL - Actual SQL: ds_1 ::: CREATE TABLE t_order_0 (order_id BIGINT NOT NULL AUTO_INCREMENT, user_id INT NOT NULL, status VARCHAR(50), PRIMARY KEY (order_id))
[INFO ] 19:46:13.543 [ShardingSphere-Command-14] ShardingSphere-SQL - Actual SQL: ds_1 ::: CREATE TABLE t_order_1 (order_id BIGINT NOT NULL AUTO_INCREMENT, user_id INT NOT NULL, status VARCHAR(50), PRIMARY KEY (order_id))
```



## 作业

设计对前面的订单表数据进行水平分库分表，拆分 2 个库，每个库 16 张表。并在新结构在演示常见的增删改查操作。代码、sql 和配置文件，上传到 Github。



## 异常处理

### 先配置好分库分表

直接在建表时搞定多库多表

```sql
mysql> show tables;
+---------------------+
| Tables_in_demo_ds_0 |
+---------------------+
| t_order             |
| t_order_item_0      |
| t_order_item_1      |
| t_ordersss          |
+---------------------+
4 rows in set (0.09 sec)

mysql> CREATE TABLE IF NOT EXISTS `t_order_st` (
    ->     `f_id` BIGINT NOT NULL AUTO_INCREMENT,
    ->     `f_user_id` int(11) NOT NULL DEFAULT 0,
    ->     `f_order_status` tinyint(1) NOT NULL DEFAULT 0,
    ->     `f_total_amount` int(11) NOT NULL DEFAULT 0,
    ->     `f_shipping_id` int(11) NOT NULL DEFAULT 0,
    ->     `f_create_time` TIMESTAMP NOT NULL DEFAULT CURRENT_TIMESTAMP,
    ->     `f_update_time` TIMESTAMP NOT NULL DEFAULT CURRENT_TIMESTAMP ON UPDATE CURRENT_TIMESTAMP,
    ->     PRIMARY KEY (`f_id`)
    ->     -- foreign key (f_user_id) references t_user(f_id),
    ->     -- foreign key (f_shipping_id) references t_shipping(f_id)
    -> ) ENGINE=InnoDB AUTO_INCREMENT=1 DEFAULT CHARSET=utf8mb4 COMMENT='订单信息 2库 16表';
Query OK, 0 rows affected (1.70 sec)

mysql> show tables;
+---------------------+
| Tables_in_demo_ds_0 |
+---------------------+
| t_order             |
| t_order_st          |
| t_order_item_0      |
| t_order_item_1      |
| t_ordersss          |
+---------------------+
5 rows in set (0.01 sec)
```



create table log

```less
[INFO ] 21:03:33.256 [ShardingSphere-Command-6] ShardingSphere-SQL - Logic SQL: CREATE TABLE IF NOT EXISTS `t_order_st` (
    `f_id` BIGINT NOT NULL AUTO_INCREMENT,
    `f_user_id` int(11) NOT NULL DEFAULT 0,
    `f_order_status` tinyint(1) NOT NULL DEFAULT 0,
    `f_total_amount` int(11) NOT NULL DEFAULT 0,
    `f_shipping_id` int(11) NOT NULL DEFAULT 0,
    `f_create_time` TIMESTAMP NOT NULL DEFAULT CURRENT_TIMESTAMP,
    `f_update_time` TIMESTAMP NOT NULL DEFAULT CURRENT_TIMESTAMP ON UPDATE CURRENT_TIMESTAMP,
    PRIMARY KEY (`f_id`)


) ENGINE=InnoDB AUTO_INCREMENT=1 DEFAULT CHARSET=utf8mb4 COMMENT='订单信息 2库 16表'
[INFO ] 21:03:33.256 [ShardingSphere-Command-6] ShardingSphere-SQL - SQLStatement: MySQLCreateTableStatement(isNotExisted=true)
[INFO ] 21:03:33.256 [ShardingSphere-Command-6] ShardingSphere-SQL - Actual SQL: ds_0 ::: CREATE TABLE IF NOT EXISTS `t_order_0` (
    `f_id` BIGINT NOT NULL AUTO_INCREMENT,
    `f_user_id` int(11) NOT NULL DEFAULT 0,
    `f_order_status` tinyint(1) NOT NULL DEFAULT 0,
    `f_total_amount` int(11) NOT NULL DEFAULT 0,
    `f_shipping_id` int(11) NOT NULL DEFAULT 0,
    `f_create_time` TIMESTAMP NOT NULL DEFAULT CURRENT_TIMESTAMP,
    `f_update_time` TIMESTAMP NOT NULL DEFAULT CURRENT_TIMESTAMP ON UPDATE CURRENT_TIMESTAMP,
    PRIMARY KEY (`f_id`)


) ENGINE=InnoDB AUTO_INCREMENT=1 DEFAULT CHARSET=utf8mb4 COMMENT='订单信息 2库 16表'
[INFO ] 21:03:33.256 [ShardingSphere-Command-6] ShardingSphere-SQL - Actual SQL: ds_0 ::: CREATE TABLE IF NOT EXISTS `t_order_1` (
    `f_id` BIGINT NOT NULL AUTO_INCREMENT,
    `f_user_id` int(11) NOT NULL DEFAULT 0,
    `f_order_status` tinyint(1) NOT NULL DEFAULT 0,
    `f_total_amount` int(11) NOT NULL DEFAULT 0,
    `f_shipping_id` int(11) NOT NULL DEFAULT 0,
    `f_create_time` TIMESTAMP NOT NULL DEFAULT CURRENT_TIMESTAMP,
    `f_update_time` TIMESTAMP NOT NULL DEFAULT CURRENT_TIMESTAMP ON UPDATE CURRENT_TIMESTAMP,
    PRIMARY KEY (`f_id`)


) ENGINE=InnoDB AUTO_INCREMENT=1 DEFAULT CHARSET=utf8mb4 COMMENT='订单信息 2库 16表'
[INFO ] 21:03:33.256 [ShardingSphere-Command-6] ShardingSphere-SQL - Actual SQL: ds_0 ::: CREATE TABLE IF NOT EXISTS `t_order_2` (
    `f_id` BIGINT NOT NULL AUTO_INCREMENT,
    `f_user_id` int(11) NOT NULL DEFAULT 0,
    `f_order_status` tinyint(1) NOT NULL DEFAULT 0,
    `f_total_amount` int(11) NOT NULL DEFAULT 0,
    `f_shipping_id` int(11) NOT NULL DEFAULT 0,
    `f_create_time` TIMESTAMP NOT NULL DEFAULT CURRENT_TIMESTAMP,
    `f_update_time` TIMESTAMP NOT NULL DEFAULT CURRENT_TIMESTAMP ON UPDATE CURRENT_TIMESTAMP,
    PRIMARY KEY (`f_id`)


) ENGINE=InnoDB AUTO_INCREMENT=1 DEFAULT CHARSET=utf8mb4 COMMENT='订单信息 2库 16表'


```

其余省略。



#### show schemas

从日志观察，show schemas; 是不会分配到实际库中执行的，这也符合逻辑。



### 表名缺陷

因为已经有t_order表，开始试图将自己的表命名为t_order_st。

发现这样会触发缺陷，系统无法区分t_order_st 和t_order。

```sql
mysql> CREATE TABLE IF NOT EXISTS `t_order_st` (
    ->     `f_id` BIGINT NOT NULL AUTO_INCREMENT,
    ->     `f_user_id` int(11) NOT NULL DEFAULT 0,
    ->     `f_order_status` tinyint(1) NOT NULL DEFAULT 0,
    ->     `f_total_amount` int(11) NOT NULL DEFAULT 0,
    ->     `f_shipping_id` int(11) NOT NULL DEFAULT 0,
    ->     `f_create_time` TIMESTAMP NOT NULL DEFAULT CURRENT_TIMESTAMP,
    ->     `f_update_time` TIMESTAMP NOT NULL DEFAULT CURRENT_TIMESTAMP ON UPDATE CURRENT_TIMESTAMP,
    ->     PRIMARY KEY (`f_id`)
    ->     -- foreign key (f_user_id) references t_user(f_id),
    ->     -- foreign key (f_shipping_id) references t_shipping(f_id)
    -> ) ENGINE=InnoDB AUTO_INCREMENT=1 DEFAULT CHARSET=utf8mb4 COMMENT='订单信息 2库 16表';
Query OK, 0 rows affected (1.70 sec)

mysql> show tables;
+---------------------+
| Tables_in_demo_ds_0 |
+---------------------+
| t_order             |
| t_order_st          |
| t_order_item_0      |
| t_order_item_1      |
| t_ordersss          |
+---------------------+
5 rows in set (0.01 sec)

mysql> desc t_order_st
    -> ;
+----------+-------------+------+-----+---------+----------------+
| Field    | Type        | Null | Key | Default | Extra          |
+----------+-------------+------+-----+---------+----------------+
| order_id | bigint(20)  | NO   | PRI | NULL    | auto_increment |
| user_id  | int(11)     | NO   |     | NULL    |                |
| status   | varchar(50) | YES  |     | NULL    |                |
+----------+-------------+------+-----+---------+----------------+
3 rows in set (0.01 sec)

mysql> desc t_order_st;
+----------+-------------+------+-----+---------+----------------+
| Field    | Type        | Null | Key | Default | Extra          |
+----------+-------------+------+-----+---------+----------------+
| order_id | bigint(20)  | NO   | PRI | NULL    | auto_increment |
| user_id  | int(11)     | NO   |     | NULL    |                |
| status   | varchar(50) | YES  |     | NULL    |                |
+----------+-------------+------+-----+---------+----------------+
3 rows in set (0.01 sec)

mysql> show create table t_order_st;
+---------+--------------------------------------------------------------------------------------------------------------------------------------------------------------------------------------------------------------+
| Table   | Create Table                                                                                                                                                                                                 |
+---------+--------------------------------------------------------------------------------------------------------------------------------------------------------------------------------------------------------------+
| t_order | CREATE TABLE `t_order` (
  `order_id` bigint(20) NOT NULL AUTO_INCREMENT,
  `user_id` int(11) NOT NULL,
  `status` varchar(50) DEFAULT NULL,
  PRIMARY KEY (`order_id`)
) ENGINE=InnoDB DEFAULT CHARSET=utf8 |
+---------+--------------------------------------------------------------------------------------------------------------------------------------------------------------------------------------------------------------+
1 row in set (0.01 sec)
```



#### 解决问题

通过使用其他名字规避问题。重命名为t_my_order

```sql
mysql> CREATE TABLE IF NOT EXISTS `t_my_order` (
    ->     `f_id` BIGINT NOT NULL AUTO_INCREMENT,
    ->     `f_user_id` int(11) NOT NULL DEFAULT 0,
    ->     `f_order_status` tinyint(1) NOT NULL DEFAULT 0,
    ->     `f_total_amount` int(11) NOT NULL DEFAULT 0,
    ->     `f_shipping_id` int(11) NOT NULL DEFAULT 0,
    ->     `f_create_time` TIMESTAMP NOT NULL DEFAULT CURRENT_TIMESTAMP,
    ->     `f_update_time` TIMESTAMP NOT NULL DEFAULT CURRENT_TIMESTAMP ON UPDATE CURRENT_TIMESTAMP,
    ->     PRIMARY KEY (`f_id`)
    ->     -- foreign key (f_user_id) references t_user(f_id),
    ->     -- foreign key (f_shipping_id) references t_shipping(f_id)
    -> ) ENGINE=InnoDB AUTO_INCREMENT=1 DEFAULT CHARSET=utf8mb4 COMMENT='订单信息 2库 16表';
Query OK, 0 rows affected (1.39 sec)

mysql> show tables;
+---------------------+
| Tables_in_demo_ds_0 |
+---------------------+
| t_order             |
| t_my_order          |
| t_order_item_0      |
| t_order_item_1      |
| t_ordersss          |
+---------------------+
5 rows in set (0.02 sec)

mysql> desc t_my_order;
+----------------+------------+------+-----+-------------------+-----------------------------+
| Field          | Type       | Null | Key | Default           | Extra                       |
+----------------+------------+------+-----+-------------------+-----------------------------+
| f_id           | bigint(20) | NO   | PRI | NULL              | auto_increment              |
| f_user_id      | int(11)    | NO   |     | 0                 |                             |
| f_order_status | tinyint(1) | NO   |     | 0                 |                             |
| f_total_amount | int(11)    | NO   |     | 0                 |                             |
| f_shipping_id  | int(11)    | NO   |     | 0                 |                             |
| f_create_time  | timestamp  | NO   |     | CURRENT_TIMESTAMP |                             |
| f_update_time  | timestamp  | NO   |     | CURRENT_TIMESTAMP | on update CURRENT_TIMESTAMP |
+----------------+------------+------+-----+-------------------+-----------------------------+
7 rows in set (0.01 sec)

```



日志

```less
[INFO ] 21:18:25.662 [ShardingSphere-Command-10] ShardingSphere-SQL - Logic SQL: desc t_my_order
[INFO ] 21:18:25.662 [ShardingSphere-Command-10] ShardingSphere-SQL - SQLStatement: MySQLDescribeStatement(table=SimpleTableSegment(tableName=TableNameSegment(startIndex=5, stopIndex=14, identifier=IdentifierValue(value=t_my_order, quoteCharacter=NONE)), owner=Optional.empty, alias=Optional.empty))
[INFO ] 21:18:25.662 [ShardingSphere-Command-10] ShardingSphere-SQL - Actual SQL: ds_0 ::: desc t_order_0
```

#### desc tablename

这里可以看出  `desc tablename` 是会发送到其中一个实际库中执行的。



### 插入数据实验

```sql
mysql> insert into t_my_order (f_user_id,f_order_status,f_total_amount,f_shipping_id) VALUES (CEILING(rand()*100),CEILING(rand()*5),CEILING(rand()*300),CEILING(rand()*100));
Query OK, 32 rows affected (0.76 sec)

mysql> select * from t_my_order;
+--------------------+-----------+----------------+----------------+---------------+---------------------+---------------------+
| f_id               | f_user_id | f_order_status | f_total_amount | f_shipping_id | f_create_time       | f_update_time       |
+--------------------+-----------+----------------+----------------+---------------+---------------------+---------------------+
| 617471033020493825 |        77 |              1 |            300 |            82 | 2021-07-01 21:29:26 | 2021-07-01 21:29:26 |
| 617471033020493825 |        10 |              1 |            240 |            94 | 2021-07-01 21:29:26 | 2021-07-01 21:29:26 |
| 617471033020493825 |        30 |              4 |            114 |            95 | 2021-07-01 21:29:26 | 2021-07-01 21:29:26 |
| 617471033020493825 |        58 |              1 |            127 |             3 | 2021-07-01 21:29:26 | 2021-07-01 21:29:26 |
| 617471033020493825 |        86 |              2 |            166 |             8 | 2021-07-01 21:29:26 | 2021-07-01 21:29:26 |
| 617471033020493825 |        74 |              3 |            290 |            53 | 2021-07-01 21:29:26 | 2021-07-01 21:29:26 |
| 617471033020493825 |        74 |              1 |             61 |            78 | 2021-07-01 21:29:26 | 2021-07-01 21:29:26 |
| 617471033020493825 |        27 |              1 |             66 |             8 | 2021-07-01 21:29:26 | 2021-07-01 21:29:26 |
| 617471033020493825 |        75 |              3 |             60 |            53 | 2021-07-01 21:29:26 | 2021-07-01 21:29:26 |
| 617471033020493825 |         4 |              3 |            268 |            66 | 2021-07-01 21:29:26 | 2021-07-01 21:29:26 |
| 617471033020493825 |        61 |              1 |            122 |            90 | 2021-07-01 21:29:26 | 2021-07-01 21:29:26 |
| 617471033020493825 |        28 |              4 |            167 |            75 | 2021-07-01 21:29:26 | 2021-07-01 21:29:26 |
| 617471033020493825 |         8 |              1 |            118 |            60 | 2021-07-01 21:29:26 | 2021-07-01 21:29:26 |
| 617471033020493825 |        81 |              2 |            236 |            21 | 2021-07-01 21:29:26 | 2021-07-01 21:29:26 |
| 617471033020493825 |        66 |              4 |            137 |            23 | 2021-07-01 21:29:26 | 2021-07-01 21:29:26 |
| 617471033020493825 |        75 |              1 |              2 |            89 | 2021-07-01 21:29:27 | 2021-07-01 21:29:27 |
| 617471033020493825 |        79 |              5 |            176 |            97 | 2021-07-01 21:29:26 | 2021-07-01 21:29:26 |
| 617471033020493825 |         8 |              3 |             29 |             9 | 2021-07-01 21:29:26 | 2021-07-01 21:29:26 |
| 617471033020493825 |        16 |              3 |             25 |            89 | 2021-07-01 21:29:26 | 2021-07-01 21:29:26 |
| 617471033020493825 |        17 |              1 |            146 |            84 | 2021-07-01 21:29:26 | 2021-07-01 21:29:26 |
| 617471033020493825 |        71 |              1 |              5 |             1 | 2021-07-01 21:29:26 | 2021-07-01 21:29:26 |
| 617471033020493825 |        97 |              5 |             60 |            54 | 2021-07-01 21:29:26 | 2021-07-01 21:29:26 |
| 617471033020493825 |        10 |              5 |              1 |            45 | 2021-07-01 21:29:26 | 2021-07-01 21:29:26 |
| 617471033020493825 |        22 |              4 |            299 |            80 | 2021-07-01 21:29:26 | 2021-07-01 21:29:26 |
| 617471033020493825 |         1 |              4 |             14 |            40 | 2021-07-01 21:29:26 | 2021-07-01 21:29:26 |
| 617471033020493825 |        86 |              1 |            262 |             9 | 2021-07-01 21:29:26 | 2021-07-01 21:29:26 |
| 617471033020493825 |        84 |              5 |              8 |            41 | 2021-07-01 21:29:26 | 2021-07-01 21:29:26 |
| 617471033020493825 |        97 |              4 |             39 |            83 | 2021-07-01 21:29:26 | 2021-07-01 21:29:26 |
| 617471033020493825 |        75 |              2 |            293 |            16 | 2021-07-01 21:29:26 | 2021-07-01 21:29:26 |
| 617471033020493825 |        85 |              4 |            104 |            39 | 2021-07-01 21:29:26 | 2021-07-01 21:29:26 |
| 617471033020493825 |        91 |              2 |              2 |             1 | 2021-07-01 21:29:26 | 2021-07-01 21:29:26 |
| 617471033020493825 |         1 |              1 |              5 |             7 | 2021-07-01 21:29:27 | 2021-07-01 21:29:27 |
+--------------------+-----------+----------------+----------------+---------------+---------------------+---------------------+
32 rows in set (0.05 sec)

mysql> insert into t_my_order (f_user_id,f_order_status,f_total_amount,f_shipping_id) VALUES (1,CEILING(rand()*5),CEILING(rand()*300),CEILING(rand()*100));
Query OK, 16 rows affected (0.47 sec)
```

log

```less
[INFO ] 21:29:26.336 [ShardingSphere-Command-12] ShardingSphere-SQL - Logic SQL: insert into t_my_order (f_user_id,f_order_status,f_total_amount,f_shipping_id) VALUES (CEILING(rand()*100),CEILING(rand()*5),CEILING(rand()*300),CEILING(rand()*100))
[INFO ] 21:29:26.336 [ShardingSphere-Command-12] ShardingSphere-SQL - SQLStatement: MySQLInsertStatement(setAssignment=Optional.empty, onDuplicateKeyColumns=Optional.empty)
[INFO ] 21:29:26.336 [ShardingSphere-Command-12] ShardingSphere-SQL - Actual SQL: ds_0 ::: insert into t_order_0 (f_user_id,f_order_status,f_total_amount,f_shipping_id, f_id) VALUES (CEILING(rand()*100), CEILING(rand()*5), CEILING(rand()*300), CEILING(rand()*100), 617471033020493825)
[INFO ] 21:29:26.336 [ShardingSphere-Command-12] ShardingSphere-SQL - Actual SQL: ds_0 ::: insert into t_order_1 (f_user_id,f_order_status,f_total_amount,f_shipping_id, f_id) VALUES (CEILING(rand()*100), CEILING(rand()*5), CEILING(rand()*300), CEILING(rand()*100), 617471033020493825)
[INFO ] 21:29:26.336 [ShardingSphere-Command-12] ShardingSphere-SQL - Actual SQL: ds_0 ::: insert into t_order_2 (f_user_id,f_order_status,f_total_amount,f_shipping_id, f_id) VALUES (CEILING(rand()*100), CEILING(rand()*5), CEILING(rand()*300), CEILING(rand()*100), 617471033020493825)
```



插入数据发现不符合预期

- 猜测id生成没有配置正确，产生了32个重复的id
- 按照user id 分库，但是这里使用了函数，导致无法有效处理

为了验证第二个猜测，去掉了user id随机生成，结果产生16条结果。



#### 依然存在表名缺陷

尝试处理

```less
[INFO ] 21:41:46.494 [ShardingSphere-Command-3] ShardingSphere-SQL - Logic SQL: desc t_my_order
[INFO ] 21:41:46.494 [ShardingSphere-Command-3] ShardingSphere-SQL - SQLStatement: MySQLDescribeStatement(table=SimpleTableSegment(tableName=TableNameSegment(startIndex=5, stopIndex=14, identifier=IdentifierValue(value=t_my_order, quoteCharacter=NONE)), owner=Optional.empty, alias=Optional.empty))
[INFO ] 21:41:46.494 [ShardingSphere-Command-3] ShardingSphere-SQL - Actual SQL: ds_0 ::: desc t_order_0
[ERROR] 21:41:46.496 [ShardingSphere-Command-3] o.a.s.p.f.c.CommandExecutorTask - Exception occur:
com.mysql.jdbc.exceptions.jdbc4.MySQLSyntaxErrorException: Table 'demo_ds_0.t_order_0' doesn't exist
```



排查发现是自己的配置出了问题

actualDataNodes 配置错误。

```
t_my_order:
     actualDataNodes: ds_${0..1}.t_order_${0..15}
```

这样导致snowflake创建id时也判断错误。



## 重新尝试

修改了配置问题后重新建表，插入数据。

### 插入数据

```sql
mysql> insert into t_my_order (f_user_id,f_order_status,f_total_amount,f_shipping_id) VALUES (CEILING(rand()*100),CEILING(rand()*5),CEILING(rand()*300),CEILING(rand()*100));
Query OK, 2 rows affected (0.19 sec)

mysql> insert into t_my_order (f_user_id,f_order_status,f_total_amount,f_shipping_id) VALUES (2,CEILING(rand()*5),CEILING(rand()*300),CEILING(rand()*100));
Query OK, 1 row affected (0.04 sec)

mysql> select * from t_my_order;
+--------------------+-----------+----------------+----------------+---------------+---------------------+---------------------+
| f_id               | f_user_id | f_order_status | f_total_amount | f_shipping_id | f_create_time       | f_update_time       |
+--------------------+-----------+----------------+----------------+---------------+---------------------+---------------------+
| 617482883699290112 |        95 |              1 |            258 |            88 | 2021-07-01 22:16:31 | 2021-07-01 22:16:31 |
| 617482984387751937 |         2 |              5 |            137 |            83 | 2021-07-01 22:16:55 | 2021-07-01 22:16:55 |
| 617482883699290112 |        16 |              5 |            101 |            81 | 2021-07-01 22:16:31 | 2021-07-01 22:16:31 |
+--------------------+-----------+----------------+----------------+---------------+---------------------+---------------------+
3 rows in set (0.04 sec)
```

还是存在user id无法在proxy处理的问题，有两个617482883699290112。符合预期。



后续使用java jdbc尝试。

